priority_score_id,task_id,score_value,score_breakdown,model_version_id,computed_at
PSC0001,TASK0001,86.0,"{""criticality_component"": 50.0, ""urgency_component"": 25.0, ""impact_component"": 11.0}",MODEL_PRIORITY_v1,2026-09-02T10:00:00
PSC0002,TASK0002,86.0,"{""criticality_component"": 50.0, ""urgency_component"": 25.0, ""impact_component"": 11.0}",MODEL_PRIORITY_v1,2026-09-03T10:00:00
PSC0003,TASK0003,80.0,"{""criticality_component"": 50.0, ""urgency_component"": 26.0, ""impact_component"": 4.0}",MODEL_PRIORITY_v1,2026-09-02T10:00:00
PSC0004,TASK0004,80.0,"{""criticality_component"": 50.0, ""urgency_component"": 26.0, ""impact_component"": 4.0}",MODEL_PRIORITY_v1,2026-08-28T10:00:00
PSC0005,TASK0005,82.0,"{""criticality_component"": 50.0, ""urgency_component"": 26.0, ""impact_component"": 6.0}",MODEL_PRIORITY_v1,2026-08-28T10:00:00
PSC0006,TASK0006,82.0,"{""criticality_component"": 50.0, ""urgency_component"": 26.0, ""impact_component"": 6.0}",MODEL_PRIORITY_v1,2026-09-07T10:00:00
PSC0007,TASK0007,76.0,"{""criticality_component"": 50.0, ""urgency_component"": 25.0, ""impact_component"": 1.0}",MODEL_PRIORITY_v1,2026-09-02T10:00:00
PSC0008,TASK0008,66.0,"{""criticality_component"": 40.0, ""urgency_component"": 25.0, ""impact_component"": 1.0}",MODEL_PRIORITY_v1,2026-09-03T10:00:00
PSC0009,TASK0009,26.0,"{""criticality_component"": 20.0, ""urgency_component"": 5.0, ""impact_component"": 1.0}",MODEL_PRIORITY_v1,2026-08-29T10:00:00
PSC0010,TASK0010,42.0,"{""criticality_component"": 20.0, ""urgency_component"": 21.0, ""impact_component"": 1.0}",MODEL_PRIORITY_v1,2026-09-07T10:00:00
PSC0011,TASK0011,52.0,"{""criticality_component"": 30.0, ""urgency_component"": 21.0, ""impact_component"": 1.0}",MODEL_PRIORITY_v1,2026-09-06T10:00:00
PSC0012,TASK0012,32.0,"{""criticality_component"": 20.0, ""urgency_component"": 6.0, ""impact_component"": 6.0}",MODEL_PRIORITY_v1,2026-09-07T10:00:00
PSC0013,TASK0013,53.0,"{""criticality_component"": 30.0, ""urgency_component"": 22.0, ""impact_component"": 1.0}",MODEL_PRIORITY_v1,2026-09-03T10:00:00
PSC0014,TASK0014,81.0,"{""criticality_component"": 50.0, ""urgency_component"": 27.0, ""impact_component"": 4.0}",MODEL_PRIORITY_v1,2026-09-05T10:00:00
PSC0015,TASK0015,72.0,"{""criticality_component"": 40.0, ""urgency_component"": 28.0, ""impact_component"": 4.0}",MODEL_PRIORITY_v1,2026-09-02T10:00:00
PSC0016,TASK0016,68.0,"{""criticality_component"": 40.0, ""urgency_component"": 27.0, ""impact_component"": 1.0}",MODEL_PRIORITY_v1,2026-09-07T10:00:00
PSC0017,TASK0017,30.0,"{""criticality_component"": 10.0, ""urgency_component"": 16.0, ""impact_component"": 4.0}",MODEL_PRIORITY_v1,2026-09-06T10:00:00
PSC0018,TASK0018,89.0,"{""criticality_component"": 50.0, ""urgency_component"": 28.0, ""impact_component"": 11.0}",MODEL_PRIORITY_v1,2026-08-28T10:00:00
PSC0019,TASK0019,15.0,"{""criticality_component"": 10.0, ""urgency_component"": 4.0, ""impact_component"": 1.0}",MODEL_PRIORITY_v1,2026-09-04T10:00:00
PSC0020,TASK0020,56.0,"{""criticality_component"": 30.0, ""urgency_component"": 21.0, ""impact_component"": 5.0}",MODEL_PRIORITY_v1,2026-08-28T10:00:00
PSC0021,TASK0021,32.0,"{""criticality_component"": 10.0, ""urgency_component"": 16.0, ""impact_component"": 6.0}",MODEL_PRIORITY_v1,2026-09-02T10:00:00
PSC0022,TASK0022,48.0,"{""criticality_component"": 20.0, ""urgency_component"": 23.0, ""impact_component"": 5.0}",MODEL_PRIORITY_v1,2026-08-28T10:00:00
PSC0023,TASK0023,73.0,"{""criticality_component"": 40.0, ""urgency_component"": 29.0, ""impact_component"": 4.0}",MODEL_PRIORITY_v1,2026-09-04T10:00:00
PSC0024,TASK0024,30.0,"{""criticality_component"": 20.0, ""urgency_component"": 5.0, ""impact_component"": 5.0}",MODEL_PRIORITY_v1,2026-08-31T10:00:00
PSC0025,TASK0025,33.0,"{""criticality_component"": 10.0, ""urgency_component"": 20.0, ""impact_component"": 3.0}",MODEL_PRIORITY_v1,2026-09-01T10:00:00
PSC0026,TASK0026,75.0,"{""criticality_component"": 40.0, ""urgency_component"": 29.0, ""impact_component"": 6.0}",MODEL_PRIORITY_v1,2026-08-28T10:00:00
PSC0027,TASK0027,37.0,"{""criticality_component"": 20.0, ""urgency_component"": 13.0, ""impact_component"": 4.0}",MODEL_PRIORITY_v1,2026-09-06T10:00:00
PSC0028,TASK0028,31.0,"{""criticality_component"": 20.0, ""urgency_component"": 10.0, ""impact_component"": 1.0}",MODEL_PRIORITY_v1,2026-09-03T10:00:00
PSC0029,TASK0029,62.0,"{""criticality_component"": 30.0, ""urgency_component"": 26.0, ""impact_component"": 6.0}",MODEL_PRIORITY_v1,2026-08-28T10:00:00
PSC0030,TASK0030,79.0,"{""criticality_component"": 40.0, ""urgency_component"": 28.0, ""impact_component"": 11.0}",MODEL_PRIORITY_v1,2026-09-01T10:00:00
PSC0031,TASK0031,71.0,"{""criticality_component"": 40.0, ""urgency_component"": 28.0, ""impact_component"": 3.0}",MODEL_PRIORITY_v1,2026-09-07T10:00:00
PSC0032,TASK0032,22.0,"{""criticality_component"": 10.0, ""urgency_component"": 6.0, ""impact_component"": 6.0}",MODEL_PRIORITY_v1,2026-08-31T10:00:00
PSC0033,TASK0033,84.0,"{""criticality_component"": 50.0, ""urgency_component"": 29.0, ""impact_component"": 5.0}",MODEL_PRIORITY_v1,2026-09-02T10:00:00
PSC0034,TASK0034,33.0,"{""criticality_component"": 20.0, ""urgency_component"": 7.0, ""impact_component"": 6.0}",MODEL_PRIORITY_v1,2026-09-07T10:00:00
PSC0035,TASK0035,32.0,"{""criticality_component"": 10.0, ""urgency_component"": 21.0, ""impact_component"": 1.0}",MODEL_PRIORITY_v1,2026-09-04T10:00:00
PSC0036,TASK0036,47.0,"{""criticality_component"": 20.0, ""urgency_component"": 22.0, ""impact_component"": 5.0}",MODEL_PRIORITY_v1,2026-09-06T10:00:00
PSC0037,TASK0037,36.0,"{""criticality_component"": 20.0, ""urgency_component"": 15.0, ""impact_component"": 1.0}",MODEL_PRIORITY_v1,2026-08-28T10:00:00
PSC0038,TASK0038,26.0,"{""criticality_component"": 20.0, ""urgency_component"": 2.0, ""impact_component"": 4.0}",MODEL_PRIORITY_v1,2026-09-03T10:00:00
PSC0039,TASK0039,29.0,"{""criticality_component"": 20.0, ""urgency_component"": 5.0, ""impact_component"": 4.0}",MODEL_PRIORITY_v1,2026-09-06T10:00:00
PSC0040,TASK0040,26.0,"{""criticality_component"": 10.0, ""urgency_component"": 12.0, ""impact_component"": 4.0}",MODEL_PRIORITY_v1,2026-09-04T10:00:00
PSC0041,TASK0041,73.0,"{""criticality_component"": 40.0, ""urgency_component"": 27.0, ""impact_component"": 6.0}",MODEL_PRIORITY_v1,2026-08-28T10:00:00
PSC0042,TASK0042,13.0,"{""criticality_component"": 10.0, ""urgency_component"": 2.0, ""impact_component"": 1.0}",MODEL_PRIORITY_v1,2026-09-05T10:00:00
PSC0043,TASK0043,25.0,"{""criticality_component"": 10.0, ""urgency_component"": 14.0, ""impact_component"": 1.0}",MODEL_PRIORITY_v1,2026-09-04T10:00:00
PSC0044,TASK0044,39.0,"{""criticality_component"": 20.0, ""urgency_component"": 15.0, ""impact_component"": 4.0}",MODEL_PRIORITY_v1,2026-09-07T10:00:00
PSC0045,TASK0045,27.0,"{""criticality_component"": 10.0, ""urgency_component"": 13.0, ""impact_component"": 4.0}",MODEL_PRIORITY_v1,2026-09-05T10:00:00
PSC0046,TASK0046,52.0,"{""criticality_component"": 30.0, ""urgency_component"": 21.0, ""impact_component"": 1.0}",MODEL_PRIORITY_v1,2026-09-07T10:00:00
PSC0047,TASK0047,33.0,"{""criticality_component"": 20.0, ""urgency_component"": 12.0, ""impact_component"": 1.0}",MODEL_PRIORITY_v1,2026-08-30T10:00:00
PSC0048,TASK0048,46.0,"{""criticality_component"": 20.0, ""urgency_component"": 22.0, ""impact_component"": 4.0}",MODEL_PRIORITY_v1,2026-09-04T10:00:00
PSC0049,TASK0049,37.0,"{""criticality_component"": 20.0, ""urgency_component"": 6.0, ""impact_component"": 11.0}",MODEL_PRIORITY_v1,2026-09-01T10:00:00
PSC0050,TASK0050,69.0,"{""criticality_component"": 40.0, ""urgency_component"": 28.0, ""impact_component"": 1.0}",MODEL_PRIORITY_v1,2026-09-05T10:00:00
PSC0051,TASK0051,26.0,"{""criticality_component"": 10.0, ""urgency_component"": 13.0, ""impact_component"": 3.0}",MODEL_PRIORITY_v1,2026-09-01T10:00:00
PSC0052,TASK0052,35.0,"{""criticality_component"": 10.0, ""urgency_component"": 20.0, ""impact_component"": 5.0}",MODEL_PRIORITY_v1,2026-09-07T10:00:00
PSC0053,TASK0053,55.0,"{""criticality_component"": 30.0, ""urgency_component"": 20.0, ""impact_component"": 5.0}",MODEL_PRIORITY_v1,2026-09-03T10:00:00
PSC0054,TASK0054,32.0,"{""criticality_component"": 10.0, ""urgency_component"": 17.0, ""impact_component"": 5.0}",MODEL_PRIORITY_v1,2026-09-02T10:00:00
PSC0055,TASK0055,31.0,"{""criticality_component"": 20.0, ""urgency_component"": 7.0, ""impact_component"": 4.0}",MODEL_PRIORITY_v1,2026-08-28T10:00:00
PSC0056,TASK0056,74.0,"{""criticality_component"": 40.0, ""urgency_component"": 29.0, ""impact_component"": 5.0}",MODEL_PRIORITY_v1,2026-09-05T10:00:00
PSC0057,TASK0057,24.0,"{""criticality_component"": 10.0, ""urgency_component"": 10.0, ""impact_component"": 4.0}",MODEL_PRIORITY_v1,2026-09-02T10:00:00
PSC0058,TASK0058,36.0,"{""criticality_component"": 20.0, ""urgency_component"": 5.0, ""impact_component"": 11.0}",MODEL_PRIORITY_v1,2026-09-03T10:00:00
PSC0059,TASK0059,30.0,"{""criticality_component"": 20.0, ""urgency_component"": 6.0, ""impact_component"": 4.0}",MODEL_PRIORITY_v1,2026-08-28T10:00:00
PSC0060,TASK0060,88.0,"{""criticality_component"": 50.0, ""urgency_component"": 27.0, ""impact_component"": 11.0}",MODEL_PRIORITY_v1,2026-09-02T10:00:00
