submission_id,source_record_id,submitted_by_user_id,department_id,source_system_id,submission_batch_id,submitted_at,validation_status,validation_errors,record_version,task_id
SUB0001,TMS-REQ-00001,USR001,DPT001,SRC001,BATCH-SRC001-20260902,2026-09-02T09:00:00,Validated,,1,TASK0001
SUB0002,SMMS-REQ-00002,USR006,DPT002,SRC002,BATCH-SRC002-20260903,2026-09-03T09:00:00,Validated,,1,TASK0002
SUB0003,TMS-REQ-00003,USR003,DPT001,SRC001,BATCH-SRC001-20260902,2026-09-02T09:00:00,Validated,,1,TASK0003
SUB0004,SMMS-REQ-00004,USR006,DPT002,SRC002,BATCH-SRC002-20260828,2026-08-28T09:00:00,Validated,,1,TASK0004
SUB0005,TMS-REQ-00005,USR002,DPT001,SRC001,BATCH-SRC001-20260828,2026-08-28T09:00:00,Validated,,1,TASK0005
SUB0006,SMMS-REQ-00006,USR006,DPT002,SRC002,BATCH-SRC002-20260907,2026-09-07T09:00:00,Validated,,1,TASK0006
SUB0007,TMS-REQ-00007,USR001,DPT001,SRC001,BATCH-SRC001-20260902,2026-09-02T09:00:00,Validated,,1,TASK0007
SUB0008,SMMS-REQ-00008,USR006,DPT002,SRC002,BATCH-SRC002-20260903,2026-09-03T09:00:00,Validated,,1,TASK0008
SUB0009,TMS-REQ-00009,USR001,DPT001,SRC001,BATCH-SRC001-20260829,2026-08-29T09:00:00,Validated,,1,TASK0009
SUB0010,TMS-REQ-00010,USR001,DPT001,SRC001,BATCH-SRC001-20260907,2026-09-07T09:00:00,Validated,,1,TASK0010
SUB0011,TDMS-REQ-00011,USR008,DPT003,SRC003,BATCH-SRC003-20260906,2026-09-06T09:00:00,Validated,,1,TASK0011
SUB0012,TMS-REQ-00012,USR003,DPT001,SRC001,BATCH-SRC001-20260907,2026-09-07T09:00:00,Validated,,1,TASK0012
SUB0013,SMMS-REQ-00013,USR004,DPT002,SRC002,BATCH-SRC002-20260903,2026-09-03T09:00:00,Validated,,1,TASK0013
SUB0014,TMS-REQ-00014,USR001,DPT001,SRC001,BATCH-SRC001-20260905,2026-09-05T09:00:00,Validated,,1,TASK0014
SUB0015,SMMS-REQ-00015,USR006,DPT002,SRC002,BATCH-SRC002-20260902,2026-09-02T09:00:00,Validated,,1,TASK0015
SUB0016,TDMS-REQ-00016,USR008,DPT003,SRC003,BATCH-SRC003-20260907,2026-09-07T09:00:00,Validated,,1,TASK0016
SUB0017,TMS-REQ-00017,USR002,DPT001,SRC001,BATCH-SRC001-20260906,2026-09-06T09:00:00,Validated,,1,TASK0017
SUB0018,TMS-REQ-00018,USR003,DPT001,SRC001,BATCH-SRC001-20260828,2026-08-28T09:00:00,Validated,,1,TASK0018
SUB0019,SMMS-REQ-00019,USR004,DPT002,SRC002,BATCH-SRC002-20260904,2026-09-04T09:00:00,Validated,,1,TASK0019
SUB0020,TDMS-REQ-00020,USR007,DPT003,SRC003,BATCH-SRC003-20260828,2026-08-28T09:00:00,Validated,,1,TASK0020
SUB0021,TMS-REQ-00021,USR002,DPT001,SRC001,BATCH-SRC001-20260902,2026-09-02T09:00:00,Validated,,1,TASK0021
SUB0022,TMS-REQ-00022,USR002,DPT001,SRC001,BATCH-SRC001-20260828,2026-08-28T09:00:00,Validated,,1,TASK0022
SUB0023,TMS-REQ-00023,USR002,DPT001,SRC001,BATCH-SRC001-20260904,2026-09-04T09:00:00,Validated,,1,TASK0023
SUB0024,TMS-REQ-00024,USR001,DPT001,SRC001,BATCH-SRC001-20260831,2026-08-31T09:00:00,Validated,,1,TASK0024
SUB0025,TMS-REQ-00025,USR003,DPT001,SRC001,BATCH-SRC001-20260901,2026-09-01T09:00:00,Validated,,1,TASK0025
SUB0026,TMS-REQ-00026,USR003,DPT001,SRC001,BATCH-SRC001-20260828,2026-08-28T09:00:00,Validated,,1,TASK0026
SUB0027,TDMS-REQ-00027,USR008,DPT003,SRC003,BATCH-SRC003-20260906,2026-09-06T09:00:00,Validated,,1,TASK0027
SUB0028,TMS-REQ-00028,USR002,DPT001,SRC001,BATCH-SRC001-20260903,2026-09-03T09:00:00,Validated,,1,TASK0028
SUB0029,SMMS-REQ-00029,USR006,DPT002,SRC002,BATCH-SRC002-20260828,2026-08-28T09:00:00,Validated,,1,TASK0029
SUB0030,TDMS-REQ-00030,USR008,DPT003,SRC003,BATCH-SRC003-20260901,2026-09-01T09:00:00,Validated,,1,TASK0030
SUB0031,SMMS-REQ-00031,USR005,DPT002,SRC002,BATCH-SRC002-20260907,2026-09-07T09:00:00,Validated,,1,TASK0031
SUB0032,TDMS-REQ-00032,USR007,DPT003,SRC003,BATCH-SRC003-20260831,2026-08-31T09:00:00,Validated,,1,TASK0032
SUB0033,TMS-REQ-00033,USR001,DPT001,SRC001,BATCH-SRC001-20260902,2026-09-02T09:00:00,Validated,,1,TASK0033
SUB0034,TMS-REQ-00034,USR001,DPT001,SRC001,BATCH-SRC001-20260907,2026-09-07T09:00:00,Validated,,1,TASK0034
SUB0035,TDMS-REQ-00035,USR007,DPT003,SRC003,BATCH-SRC003-20260904,2026-09-04T09:00:00,Validated,,1,TASK0035
SUB0036,TMS-REQ-00036,USR002,DPT001,SRC001,BATCH-SRC001-20260906,2026-09-06T09:00:00,Validated,,1,TASK0036
SUB0037,TMS-REQ-00037,USR001,DPT001,SRC001,BATCH-SRC001-20260828,2026-08-28T09:00:00,Validated,,1,TASK0037
SUB0038,SMMS-REQ-00038,USR005,DPT002,SRC002,BATCH-SRC002-20260903,2026-09-03T09:00:00,Validated,,1,TASK0038
SUB0039,SMMS-REQ-00039,USR004,DPT002,SRC002,BATCH-SRC002-20260906,2026-09-06T09:00:00,Validated,,1,TASK0039
SUB0040,SMMS-REQ-00040,USR005,DPT002,SRC002,BATCH-SRC002-20260904,2026-09-04T09:00:00,Validated,,1,TASK0040
SUB0041,TMS-REQ-00041,USR003,DPT001,SRC001,BATCH-SRC001-20260828,2026-08-28T09:00:00,Validated,,1,TASK0041
SUB0042,SMMS-REQ-00042,USR006,DPT002,SRC002,BATCH-SRC002-20260905,2026-09-05T09:00:00,Validated,,1,TASK0042
SUB0043,TMS-REQ-00043,USR001,DPT001,SRC001,BATCH-SRC001-20260904,2026-09-04T09:00:00,Validated,,1,TASK0043
SUB0044,SMMS-REQ-00044,USR005,DPT002,SRC002,BATCH-SRC002-20260907,2026-09-07T09:00:00,Validated,,1,TASK0044
SUB0045,TMS-REQ-00045,USR003,DPT001,SRC001,BATCH-SRC001-20260905,2026-09-05T09:00:00,Validated,,1,TASK0045
SUB0046,SMMS-REQ-00046,USR005,DPT002,SRC002,BATCH-SRC002-20260907,2026-09-07T09:00:00,Validated,,1,TASK0046
SUB0047,TMS-REQ-00047,USR003,DPT001,SRC001,BATCH-SRC001-20260830,2026-08-30T09:00:00,Validated,,1,TASK0047
SUB0048,TMS-REQ-00048,USR001,DPT001,SRC001,BATCH-SRC001-20260904,2026-09-04T09:00:00,Validated,,1,TASK0048
SUB0049,SMMS-REQ-00049,USR006,DPT002,SRC002,BATCH-SRC002-20260901,2026-09-01T09:00:00,Validated,,1,TASK0049
SUB0050,TDMS-REQ-00050,USR007,DPT003,SRC003,BATCH-SRC003-20260905,2026-09-05T09:00:00,Validated,,1,TASK0050
SUB0051,TDMS-REQ-00051,USR008,DPT003,SRC003,BATCH-SRC003-20260901,2026-09-01T09:00:00,Validated,,1,TASK0051
SUB0052,TDMS-REQ-00052,USR009,DPT003,SRC003,BATCH-SRC003-20260907,2026-09-07T09:00:00,Validated,,1,TASK0052
SUB0053,TDMS-REQ-00053,USR007,DPT003,SRC003,BATCH-SRC003-20260903,2026-09-03T09:00:00,Validated,,1,TASK0053
SUB0054,TDMS-REQ-00054,USR008,DPT003,SRC003,BATCH-SRC003-20260902,2026-09-02T09:00:00,Validated,,1,TASK0054
SUB0055,TMS-REQ-00055,USR001,DPT001,SRC001,BATCH-SRC001-20260828,2026-08-28T09:00:00,Validated,,1,TASK0055
SUB0056,TDMS-REQ-00056,USR008,DPT003,SRC003,BATCH-SRC003-20260905,2026-09-05T09:00:00,Validated,,1,TASK0056
SUB0057,SMMS-REQ-00057,USR006,DPT002,SRC002,BATCH-SRC002-20260902,2026-09-02T09:00:00,Validated,,1,TASK0057
SUB0058,TMS-REQ-00058,USR002,DPT001,SRC001,BATCH-SRC001-20260903,2026-09-03T09:00:00,Validated,,1,TASK0058
SUB0059,TMS-REQ-00059,USR001,DPT001,SRC001,BATCH-SRC001-20260828,2026-08-28T09:00:00,Validated,,1,TASK0059
SUB0060,TMS-REQ-00060,USR003,DPT001,SRC001,BATCH-SRC001-20260902,2026-09-02T09:00:00,Validated,,1,TASK0060
